experiment,stage,script,start,epochs_logged,best_epoch,best_mdice,weighted_dice_at_best,last_mdice,CVC-ClinicDB,Kvasir,CVC-300,CVC-ColonDB,ETIS-LaribPolypDB,log
baseline_prototype_fb_44,cascade,train_prototype_cascade.py,2025-12-09 10:19:27 PM,100,36,0.863,0.8197,0.8567,0.9404,0.9211,0.892,0.783,0.7787,cascade/train_log/train_log_baseline_prototype_fb_44.log
baseline,cascade,train_polyp.py,2025-12-09 10:46:48 AM,106,17,0.8734,0.8357,0.8676,0.9445,0.9242,0.9046,0.811,0.7828,cascade/train_log/train_log_baseline.log
prototype_kl_loss,cascade,train_prototype_cascade_kl_loss.py,2025-12-10 01:24:14 PM,98,39,0.865,0.8302,0.8615,0.9289,0.9219,0.8871,0.8066,0.7806,cascade/train_log/train_log_prototype_kl_loss.log
prototype_kl_loss_0.05,cascade,train_prototype_cascade_kl_loss.py,2025-12-10 04:19:10 PM,100,86,0.867,0.8338,0.8572,0.9271,0.9227,0.8868,0.8107,0.7876,cascade/train_log/train_log_prototype_kl_loss_0.05.log
prototype_kl_loss_0.1_fb_66,cascade,train_prototype_cascade_kl_loss.py,2025-12-19 03:22:21 PM,100,76,0.8682,0.8339,0.8621,0.9358,0.9101,0.8927,0.8085,0.794,cascade/train_log/train_log_prototype_kl_loss_0.1_fb_66.log
prototype_kl_loss_0.1_fb_88,cascade,train_prototype_cascade_kl_loss.py,2025-12-19 03:23:06 PM,100,23,0.8628,0.8217,0.8558,0.9409,0.9236,0.8899,0.793,0.7666,cascade/train_log/train_log_prototype_kl_loss_0.1_fb_88.log
prototype_kl_loss_0.1,cascade,train_prototype_cascade_kl_loss.py,2025-12-19 12:54:41 PM,100,33,0.8612,0.8245,0.8471,0.9358,0.9089,0.8916,0.8037,0.7661,cascade/train_log/train_log_prototype_kl_loss_0.1.log
prototype_kl_loss_0.1_fb_33,cascade,train_prototype_cascade_kl_loss.py,2025-12-19 12:55:55 PM,100,55,0.8687,0.8293,0.8409,0.9408,0.9256,0.8921,0.7975,0.7874,cascade/train_log/train_log_prototype_kl_loss_0.1_fb_33.log
baseline_prototype_fb_11#run2,cascade,train_prototype_cascade.py,2025-12-24 02:20:08 PM,100,54,0.8694,0.8344,0.8626,0.9391,0.9244,0.8907,0.813,0.7797,cascade/train_log/train_log_baseline_prototype_fb_11.log
prototype_kl_loss_0.15_fb_44#run2,cascade,train_prototype_cascade_kl_loss.py,2025-12-24 02:27:47 PM,100,66,0.8629,0.8209,0.8548,0.9419,0.9265,0.8901,0.7916,0.7643,cascade/train_log/train_log_prototype_kl_loss_0.15_fb_44.log
baseline_prototype_fb_11#run1,cascade,train_prototype_cascade.py,2025-12-24 03:15:43 AM,100,99,0.8624,0.8205,0.8613,0.9403,0.928,0.881,0.7853,0.7776,cascade/train_log/train_log_baseline_prototype_fb_11.log
baseline_prototype_fb_33,cascade,train_prototype_cascade.py,2025-12-24 03:16:57 AM,100,31,0.8669,0.8249,0.8539,0.9358,0.9141,0.9039,0.7866,0.7943,cascade/train_log/train_log_baseline_prototype_fb_33.log
baseline_prototype_fb_66,cascade,train_prototype_cascade.py,2025-12-24 03:49:24 AM,100,98,0.8645,0.8245,0.8533,0.941,0.9223,0.8912,0.7965,0.7716,cascade/train_log/train_log_baseline_prototype_fb_66.log
baseline_prototype_fb_88,cascade,train_prototype_cascade.py,2025-12-24 08:37:20 AM,100,64,0.8748,0.8396,0.8605,0.9359,0.9205,0.9035,0.8116,0.8026,cascade/train_log/train_log_baseline_prototype_fb_88.log
prototype_kl_loss_0.15_fb_44#run1,cascade,train_prototype_cascade_kl_loss.py,2025-12-24 08:39:29 AM,100,20,0.8674,0.8311,0.8608,0.9279,0.9248,0.8974,0.8061,0.7808,cascade/train_log/train_log_prototype_kl_loss_0.15_fb_44.log
prototype_pretrain_kl_loss_0.1_fb_33,cascade,train_prototype_cascade_kl_loss.py,2025-12-25 02:23:53 AM,29,26,0.7596,0.7084,0.7507,0.879,0.8573,0.793,0.6999,0.569,cascade/train_log/train_log_prototype_pretrain_kl_loss_0.1_fb_33.log
prototype_pretrain_10_kl_loss_0.1_fb_44,cascade,train_prototype_cascade_kl_loss.py,2025-12-25 03:24:28 AM,100,58,0.7641,0.7116,0.753,0.8863,0.8541,0.811,0.7071,0.562,cascade/train_log/train_log_prototype_pretrain_10_kl_loss_0.1_fb_44.log
prototype_kl_loss_0.1_fb_88_v3,cascade,train_prototype_cascade_kl_loss.py,2025-12-26 08:41:53 PM,100,60,0.8633,0.8254,0.8548,0.9296,0.9272,0.8908,0.8005,0.7685,cascade/train_log/train_log_prototype_kl_loss_0.1_fb_88_v3.log
baseline_prototype_pretrain_10_fb_44,cascade,train_prototype_cascade.py,2025-12-26 10:52:27 AM,100,87,0.7708,0.7204,0.7606,0.8791,0.8635,0.829,0.7222,0.5603,cascade/train_log/train_log_baseline_prototype_pretrain_10_fb_44.log
baseline_prototype_fb_1212,cascade,train_prototype_cascade.py,2025-12-27 09:58:17 AM,100,53,0.8675,0.8277,0.8644,0.9409,0.9256,0.887,0.793,0.791,cascade/train_log/train_log_baseline_prototype_fb_1212.log
baseline_prototype_fb_1010,cascade,train_prototype_cascade.py,2025-12-27 12:25:32 AM,100,26,0.8671,0.8277,0.846,0.9364,0.9139,0.8973,0.7935,0.7941,cascade/train_log/train_log_baseline_prototype_fb_1010.log
baseline_prototype_fb_22,cascade,train_prototype_cascade.py,2026-01-01 08:57:51 PM,100,24,0.869,0.8271,0.8608,0.946,0.9218,0.8958,0.7908,0.7908,cascade/train_log/train_log_baseline_prototype_fb_22.log
baseline_prototype_fb_55,cascade,train_prototype_cascade.py,2026-01-01 11:43:38 PM,61,61,0.8639,0.8275,0.8639,0.9274,0.9232,0.8833,0.7973,0.7884,cascade/train_log/train_log_baseline_prototype_fb_55.log
baseline_prototype_fhb_844_warm_10,cascade,train_prototype_cascade.py,2026-03-25 01:09:39 PM,100,59,0.8703,0.8338,0.8524,0.94,0.9176,0.9021,0.8109,0.781,cascade/train_log/train_log_baseline_prototype_fhb_844_warm_10.log
baseline_prototype_fhb_424,cascade,train_prototype_cascade.py,2026-03-25 04:43:05 AM,100,55,0.8683,0.8339,0.8389,0.9311,0.9297,0.8914,0.8142,0.7749,cascade/train_log/train_log_baseline_prototype_fhb_424.log
baseline_prototype_fhb_424_warm_10,cascade,train_prototype_cascade.py,2026-03-25 05:00:06 AM,100,29,0.8706,0.8333,0.8502,0.9428,0.9269,0.8926,0.8067,0.7842,cascade/train_log/train_log_baseline_prototype_fhb_424_warm_10.log
baseline_prototype_fhb_844,cascade,train_prototype_cascade.py,2026-03-25 10:47:00 AM,100,45,0.8691,0.8317,0.8544,0.9364,0.9263,0.8899,0.8011,0.7917,cascade/train_log/train_log_baseline_prototype_fhb_844.log
baseline_prototype_fhb_634_warm_10,cascade,train_prototype_cascade.py,2026-03-31 04:02:36 PM,100,28,0.8659,0.8275,0.8611,0.9432,0.9211,0.8871,0.7999,0.7782,cascade/train_log/train_log_baseline_prototype_fhb_634_warm_10.log
baseline_prototype_fhb_424_warm_10_orth_loss,cascade,train_prototype_cascade.py,2026-03-31 07:49:28 AM,100,96,0.8659,0.8292,0.863,0.936,0.9294,0.891,0.8095,0.7636,cascade/train_log/train_log_baseline_prototype_fhb_424_warm_10_orth_loss.log
baseline_prototype_fhb_424_warm_10_aug,cascade,train_prototype_cascade.py,2026-03-31 08:37:47 PM,100,36,0.861,0.8227,0.8486,0.9208,0.9161,0.8959,0.793,0.7792,cascade/train_log/train_log_baseline_prototype_fhb_424_warm_10_aug.log
baseline_prototype_fhb_414_warm_10,cascade,train_prototype_cascade.py,2026-04-01 03:27:01 AM,100,14,0.8662,0.8321,0.8584,0.9281,0.9207,0.8946,0.8125,0.7753,cascade/train_log/train_log_baseline_prototype_fhb_414_warm_10.log
baseline_prototype_fhb_524_warm_10,cascade,train_prototype_cascade.py,2026-04-01 03:28:14 AM,100,90,0.8737,0.8327,0.8639,0.941,0.9324,0.9072,0.8005,0.7871,cascade/train_log/train_log_baseline_prototype_fhb_524_warm_10.log
baseline_prototype_fhb_424_warm_10_uncertainty_gate,cascade,train_prototype_cascade.py,2026-04-01 03:37:04 AM,100,29,0.8665,0.8288,0.8569,0.9305,0.9193,0.8933,0.7967,0.793,cascade/train_log/train_log_baseline_prototype_fhb_424_warm_10_uncertainty_gate.log
baseline_prototype_fhb_848_warm_10,cascade,train_prototype_cascade.py,2026-04-01 12:14:10 AM,100,44,0.8684,0.8316,0.8646,0.9356,0.9145,0.8962,0.8021,0.7939,cascade/train_log/train_log_baseline_prototype_fhb_848_warm_10.log
baseline_prototype_hybrid_fhb_424,cascade,train_prototype_cascade.py,2026-04-07 02:00:05 PM,100,51,0.8646,0.8254,0.8513,0.9337,0.919,0.8973,0.7978,0.775,cascade/train_log/train_log_baseline_prototype_hybrid_fhb_424.log
baseline_prototype_hybrid_fhb_424_extract_warm,cascade,train_prototype_cascade.py,2026-04-07 06:43:49 PM,100,99,0.8687,0.8303,0.8662,0.943,0.9223,0.903,0.8095,0.7659,cascade/train_log_baseline_prototype_hybrid_fhb_424_extract_warm.log
baseline_prototype_hybrid_fhb_864_extract_warm,cascade,train_prototype_cascade.py,2026-04-07 09:53:08 PM,100,21,0.8661,0.8282,0.8593,0.9331,0.9168,0.8992,0.8014,0.7799,cascade/train_log_baseline_prototype_hybrid_fhb_864_extract_warm.log
baseline_prototype_hybrid_fhb_1084_extract_warm,cascade,train_prototype_cascade.py,2026-04-08 10:21:58 AM,100,40,0.8626,0.8244,0.855,0.9317,0.9179,0.8933,0.7989,0.771,cascade/train_log_baseline_prototype_hybrid_fhb_1084_extract_warm.log
baseline_5epoch,cascade,train_polyp.py,2026-04-28 03:01:35 PM,4,3,0.8482,0.8134,0.8475,0.9081,0.9055,0.8699,0.7868,0.7707,cascade/train_log_baseline_5epoch.log
baseline_vits16plus_freeze,dino_v3,train_dinov3.py,2026-03-09 11:08:31 AM,49,47,0.7672,0.7161,0.7595,0.8357,0.8466,0.8308,0.6841,0.6386,dino_v3/log/train_log_baseline_vits16plus_freeze.log
baseline_vitb16_freeze,dino_v3,train_dinov3.py,2026-03-09 11:52:09 AM,49,46,0.7872,0.7354,0.7793,0.8635,0.8627,0.8621,0.7131,0.6345,dino_v3/log/train_log_baseline_vitb16_freeze.log
baseline_vitl16_freeze,dino_v3,train_dinov3.py,2026-03-09 12:39:13 PM,49,36,0.8068,0.7573,0.803,0.866,0.8884,0.8778,0.7304,0.6713,dino_v3/log/train_log_baseline_vitl16_freeze.log
baseline_prototype_fb_33,dino_v3,train_dinov3_prototype.py,2026-03-10 06:07:32 PM,50,44,0.7436,0.6918,0.7394,0.8157,0.8326,0.8099,0.6672,0.5924,dino_v3/log/train_log_baseline_prototype_fb_33.log
baseline_prototype_fb_44,dino_v3,train_dinov3_prototype.py,2026-03-10 07:08:12 PM,50,45,0.7429,0.6939,0.7426,0.8218,0.8324,0.7912,0.6702,0.599,dino_v3/log/train_log_baseline_prototype_fb_44.log
baseline_prototype_fb_55,dino_v3,train_dinov3_prototype.py,2026-03-10 07:50:12 PM,50,41,0.7428,0.6921,0.7407,0.8224,0.8355,0.793,0.6663,0.597,dino_v3/log/train_log_baseline_prototype_fb_55.log
baseline_prototype_fb_44_fine,dino_v3,train_dinov3_prototype.py,2026-03-11 01:05:38 AM,50,48,0.8583,0.8174,0.8551,0.9273,0.9132,0.8967,0.7881,0.7661,dino_v3/log/train_log_baseline_prototype_fb_44_fine.log
concat_24681012_fine_vits16plus_fullfinetune,dino_v3,train_dinov3.py,2026-03-16 11:47:18 PM,49,24,0.866,0.831,0.8616,0.9401,0.9258,0.8928,0.8192,0.7522,dino_v3/log/train_log_concat_24681012_fine_vits16plus_fullfinetune.log
concat_24681012_vits16plus_freeze,dino_v3,train_dinov3.py,2026-03-16 11:58:59 AM,49,49,0.787,0.7331,0.787,0.8653,0.8659,0.8534,0.7009,0.6493,dino_v3/log/train_log_concat_24681012_vits16plus_freeze.log
baseline_prototype_fb_44_concat,dino_v3,train_dinov3_prototype.py,2026-03-16 12:07:24 PM,50,36,0.7707,0.7159,0.7624,0.8436,0.8553,0.8456,0.6854,0.6237,dino_v3/log/train_log_baseline_prototype_fb_44_concat.log
baseline_prototype_fb_44_concat_fine,dino_v3,train_dinov3_prototype.py,2026-03-17 12:56:46 AM,50,29,0.8629,0.8251,0.8406,0.9313,0.9172,0.8843,0.7931,0.7884,dino_v3/log/train_log_baseline_prototype_fb_44_concat_fine.log
orth_prototype_fb_44,dino_v3,train_dinov3_prototype.py,2026-03-24 06:15:56 PM,50,39,0.8579,0.819,0.8545,0.9331,0.9152,0.8872,0.7954,0.7586,dino_v3/log/train_log_orth_prototype_fb_44.log
baseline_prototype_fhb_424_specialize,dino_v3,train_dinov3_prototype_specialize.py,2026-03-24 08:27:41 PM,50,38,0.869,0.8275,0.8548,0.9419,0.9245,0.9065,0.7988,0.7733,dino_v3/log/train_log_baseline_prototype_fhb_424_specialize.log
adaptive_prototype_64,dino_v3,train_dinov3_prototype_adaptive.py,2026-03-24 08:31:05 AM,50,48,0.8679,,0.8655,0.9419,0.9124,0.9042,0.8087,0.7724,dino_v3/log/train_log_adaptive_prototype_64.log
baseline_prototype_fhb_634_specialize,dino_v3,train_dinov3_prototype_specialize.py,2026-03-24 09:35:13 PM,50,49,0.8632,0.8239,0.8606,0.9307,0.9144,0.901,0.7964,0.7738,dino_v3/log/train_log_baseline_prototype_fhb_634_specialize.log
baseline_prototype_fhb_424_specialize_warm_10,dino_v3,train_dinov3_prototype_specialize.py,2026-03-24 10:39:02 PM,50,34,0.8673,0.8256,0.8616,0.9386,0.9222,0.8992,0.7903,0.7863,dino_v3/log/train_log_baseline_prototype_fhb_424_specialize_warm_10.log
baseline_prototype_fhb_634_specialize_warm_10,dino_v3,train_dinov3_prototype_specialize.py,2026-03-25 02:52:05 AM,50,33,0.8652,0.8269,0.861,0.9323,0.9224,0.8985,0.8024,0.7704,dino_v3/log/train_log_baseline_prototype_fhb_634_specialize_warm_10.log
baseline_prototype_fhb_844_specialize,dino_v3,train_dinov3_prototype_specialize.py,2026-03-25 04:17:57 AM,50,38,0.8672,0.8263,0.8216,0.9398,0.9141,0.904,0.7944,0.7834,dino_v3/log/train_log_baseline_prototype_fhb_844_specialize.log
baseline_prototype_fhb_844_specialize_warm_10,dino_v3,train_dinov3_prototype_specialize.py,2026-03-25 05:37:46 AM,50,29,0.8623,0.8239,0.8579,0.9358,0.9267,0.8923,0.8053,0.7513,dino_v3/log/train_log_baseline_prototype_fhb_844_specialize_warm_10.log
baseline_prototype_fb_88_concat_fine,dino_v3,train_dinov3_prototype.py,2026-03-31 11:00:57 PM,50,33,0.8524,0.8126,0.8455,0.9327,0.9188,0.8829,0.7954,0.7322,dino_v3/train_log_baseline_prototype_fb_88_concat_fine.log
baseline_prototype_fb_84_concat_fine,dino_v3,train_dinov3_prototype.py,2026-03-31 11:03:40 PM,50,31,0.8566,0.8185,0.8537,0.9151,0.9209,0.893,0.7943,0.7599,dino_v3/train_log_baseline_prototype_fb_84_concat_fine.log
baseline_prototype_fb_11_concat_fine,dino_v3,train_dinov3_prototype.py,2026-04-01 12:01:13 AM,50,27,0.8577,0.8219,0.8337,0.9289,0.9162,0.8812,0.8024,0.7597,dino_v3/train_log_baseline_prototype_fb_11_concat_fine.log
baseline_prototype_fb_22_concat_fine,dino_v3,train_dinov3_prototype.py,2026-04-01 12:06:06 AM,50,28,0.8607,0.8242,0.851,0.9307,0.922,0.8887,0.8062,0.7559,dino_v3/train_log_baseline_prototype_fb_22_concat_fine.log
baseline_prototype_fb_33_concat_fine,dino_v3,train_dinov3_prototype.py,2026-04-01 12:10:44 AM,50,48,0.8561,0.8226,0.8547,0.9173,0.9119,0.8782,0.8008,0.7725,dino_v3/train_log_baseline_prototype_fb_33_concat_fine.log
baseline_5epoch#run1,non_learnable,train_polyp.py,2026-04-28 03:29:37 PM,4,4,0.7759,0.7272,0.7759,0.854,0.8832,0.7956,0.6921,0.6548,non_learnable/logs/train_log_baseline_5epoch.log
baseline_5epoch#run2,non_learnable,train_polyp.py,2026-04-28 03:37:50 PM,5,5,0.7836,0.7487,0.7836,0.8444,0.8838,0.7907,0.7336,0.6657,non_learnable/logs/train_log_baseline_5epoch.log
baseline,non_learnable,train_polyp.py,2026-04-28 07:09:43 PM,100,46,0.8625,0.8267,0.8548,0.9283,0.9117,0.8993,0.808,0.7653,non_learnable/logs/train_log_baseline.log
baseline_5epoch#run3,non_learnable,train_polyp.py,2026-05-04 11:15:27 AM,5,3,0.7874,0.747,0.7744,0.8505,0.8643,0.8103,0.7156,0.6961,non_learnable/logs/train_log_baseline_5epoch.log
baseline_100epoch,non_learnable,train_polyp.py,2026-05-05 06:29:50 PM,100,41,0.8707,0.8306,0.854,0.9432,0.9216,0.8962,0.7951,0.7974,non_learnable/logs/train_log_baseline_100epoch.log
baseline_dinov3_vits16plus_fullfinetune,non_learnable,train_dinov3.py,2026-05-05 08:31:52 PM,99,71,0.8681,0.8278,0.8641,0.9437,0.9276,0.8989,0.802,0.7684,non_learnable/logs/train_log_baseline_dinov3_vits16plus_fullfinetune.log
prototypev3_fb55_dd4_ppc_1,non_learnable,train_prototype_4.py,2026-05-20 02:46:36 AM,20,2,0.87,0.8319,0.8329,0.9365,0.923,0.8907,0.7962,0.8036,non_learnable/logs/train_log_prototypev3_fb55_dd4_ppc_1.log
prototypev3_fb55_dd4_ppc_1_wo_pretrained,non_learnable,train_prototype_4.py,2026-05-20 02:47:43 AM,20,12,0.822,0.7864,0.7706,0.871,0.8989,0.8516,0.7651,0.7236,non_learnable/logs/train_log_prototypev3_fb55_dd4_ppc_1_wo_pretrained.log
prototypev3_fb55_dd4_ppc_1_1,non_learnable,train_prototype_4.py,2026-05-20 09:22:04 AM,20,5,0.8644,0.8254,0.8193,0.9336,0.9186,0.8887,0.7918,0.7895,non_learnable/logs/train_log_prototypev3_fb55_dd4_ppc_1_1.log
prototypev3_fb55_dd4_ppc_1_2,non_learnable,train_prototype_4.py,2026-05-20 09:43:52 AM,20,1,0.8533,0.8121,0.7695,0.9231,0.9165,0.8795,0.7779,0.7694,non_learnable/logs/train_log_prototypev3_fb55_dd4_ppc_1_2.log
prototypev3_fb55_dd4_ppc_1_wo_pretrained_1,non_learnable,train_prototype_4.py,2026-05-20 09:45:49 AM,20,13,0.8233,0.7877,0.8198,0.8878,0.8912,0.8455,0.7678,0.7243,non_learnable/logs/train_log_prototypev3_fb55_dd4_ppc_1_wo_pretrained_1.log
prototypev3_fb55_x4,non_learnable,train_prototype_4.py,2026-05-21 11:55:03 PM,20,1,0.8212,0.7826,0.7051,0.8825,0.8802,0.8557,0.7545,0.7332,non_learnable/logs/train_log_prototypev3_fb55_x4.log
prototype_v0#run1,non_learnable,train_prototype_v0.py,2026-05-25 11:27:30 PM,1,1,0.2478,0.2236,0.2478,0.3388,0.4251,0.125,0.211,0.1392,non_learnable/logs/train_log_prototype_v0.log
prototype_v0#run2,non_learnable,train_prototype_v0.py,2026-05-25 11:33:01 PM,20,19,0.8564,0.8191,0.8428,0.9107,0.9138,0.905,0.7996,0.753,non_learnable/logs/train_log_prototype_v0.log
prototype_v0#run3,non_learnable,train_prototype_v0.py,2026-05-26 06:35:34 AM,20,20,0.8285,0.7935,0.8285,0.8994,0.9057,0.8561,0.7888,0.6927,non_learnable/logs/train_log_prototype_v0.log
prototype_v0_fb33,non_learnable,train_prototype_v0.py,2026-05-26 07:11:28 AM,100,78,0.8451,0.802,0.8403,0.9212,0.9162,0.8804,0.7769,0.7306,non_learnable/logs/train_log_prototype_v0_fb33.log
prototype_pseudo_fb33_pretrained,non_learnable,train_prototype_pseudo.py,2026-06-03 12:14:15 AM,30,9,0.8506,0.811,0.8175,0.9283,0.8982,0.8909,0.7901,0.7456,non_learnable/train_log_prototype_pseudo_fb33_pretrained.log
prototype_pseudo_fb33,non_learnable,train_prototype_pseudo.py,2026-06-03 12:19:03 AM,100,13,0.8567,0.8219,0.8465,0.9074,0.912,0.8841,0.7919,0.7882,non_learnable/train_log_prototype_pseudo_fb33.log
prototype_pseudo_fb33_sp,non_learnable,train_prototype_pseudo_v2.py,2026-06-03 12:51:55 PM,30,20,0.8483,0.8107,0.8466,0.9003,0.9073,0.8746,0.773,0.7865,non_learnable/train_log_prototype_pseudo_fb33_sp.log
