checkpoint,encoder,head,legacy_protocol,legacy_mDice,log,log_run,log_epoch,log_max_abs_diff,verified,CVC-ClinicDB,Kvasir,CVC-300,CVC-ColonDB,ETIS-LaribPolypDB,mDice,mIoU,in_domain,out_domain
cascade/models/prototype_cascade/baseline_prototype_fb_1010,pvt_emcad,type=prototype num_fg=10 num_bg=10,legacy_soft,0.8671,cascade/train_log/train_log_baseline_prototype_fb_1010.log,1,26,0.00000,True,0.9391,0.9158,0.8995,0.7941,0.7961,0.8689,0.8053,0.9274,0.8299
cascade/models/prototype_cascade/baseline_prototype_fb_11,pvt_emcad,type=prototype num_fg=1 num_bg=1,legacy_soft,0.8694,cascade/train_log/train_log_baseline_prototype_fb_11.log,2,54,0.00000,True,0.9401,0.9254,0.8918,0.8138,0.7813,0.8705,0.8073,0.9328,0.829
cascade/models/prototype_cascade/baseline_prototype_fb_1212,pvt_emcad,type=prototype num_fg=12 num_bg=12,legacy_soft,0.8675,cascade/train_log/train_log_baseline_prototype_fb_1212.log,1,53,0.00000,True,0.9426,0.9269,0.8889,0.7944,0.7937,0.8693,0.8049,0.9347,0.8257
cascade/models/prototype_cascade/baseline_prototype_fb_22,pvt_emcad,type=prototype num_fg=2 num_bg=2,legacy_soft,0.869,cascade/train_log/train_log_baseline_prototype_fb_22.log,1,24,0.00000,True,0.9486,0.9235,0.8975,0.792,0.7937,0.871,0.8068,0.936,0.8277
cascade/models/prototype_cascade/baseline_prototype_fb_33,pvt_emcad,type=prototype num_fg=3 num_bg=3,legacy_soft,0.8669,cascade/train_log/train_log_baseline_prototype_fb_33.log,1,31,0.00000,True,0.9373,0.9154,0.9054,0.7873,0.7963,0.8684,0.8046,0.9264,0.8297
cascade/models/prototype_cascade/baseline_prototype_fb_44,pvt_emcad,type=prototype num_fg=4 num_bg=4,legacy_soft,0.863,cascade/train_log/train_log_baseline_prototype_fb_44.log,1,36,0.00000,True,0.9425,0.9229,0.8934,0.7831,0.7811,0.8646,0.8016,0.9327,0.8192
cascade/models/prototype_cascade/baseline_prototype_fb_55,pvt_emcad,type=prototype num_fg=5 num_bg=5,legacy_soft,0.8639,cascade/train_log/train_log_baseline_prototype_fb_55.log,1,61,0.00000,True,0.9284,0.9243,0.8842,0.7981,0.79,0.865,0.7992,0.9264,0.8241
cascade/models/prototype_cascade/baseline_prototype_fb_66,pvt_emcad,type=prototype num_fg=6 num_bg=6,legacy_soft,0.8645,cascade/train_log/train_log_baseline_prototype_fb_66.log,1,98,0.00000,True,0.9418,0.9229,0.8922,0.7973,0.772,0.8652,0.8009,0.9324,0.8205
cascade/models/prototype_cascade/baseline_prototype_fb_88,pvt_emcad,type=prototype num_fg=8 num_bg=8,legacy_soft,0.8748,cascade/train_log/train_log_baseline_prototype_fb_88.log,1,64,0.00000,True,0.9373,0.9215,0.9046,0.8129,0.8045,0.8762,0.812,0.9294,0.8407
cascade/models/prototype_cascade/baseline_prototype_fb_88_v2,pvt_emcad,type=prototype num_fg=8 num_bg=8,legacy_soft,0.8635,cascade/train_log/train_log_baseline_prototype_fb_66.log,1,16,0.00321,False,0.9364,0.9156,0.8912,0.8013,0.7864,0.8662,0.8004,0.926,0.8263
cascade/models/prototype_cascade/baseline_prototype_fhb_414_warm_10,pvt_emcad,type=specialize num_fg=4 num_hard=1 num_bg=4 hybrid=False,legacy_soft,0.8662,cascade/train_log/train_log_baseline_prototype_fhb_414_warm_10.log,1,14,0.00000,True,0.9312,0.9233,0.8977,0.8158,0.7797,0.8695,0.8049,0.9273,0.8311
cascade/models/prototype_cascade/baseline_prototype_fhb_424,pvt_emcad,type=specialize num_fg=4 num_hard=2 num_bg=4 hybrid=False,legacy_soft,0.8683,cascade/train_log/train_log_baseline_prototype_fhb_424.log,1,55,0.00000,True,0.9323,0.931,0.8927,0.8154,0.7773,0.8697,0.8047,0.9316,0.8285
cascade/models/prototype_cascade/baseline_prototype_fhb_424_warm_10,pvt_emcad,type=specialize num_fg=4 num_hard=2 num_bg=4 hybrid=False,legacy_soft,0.8706,cascade/train_log/train_log_baseline_prototype_fhb_424_warm_10.log,1,29,0.00000,True,0.945,0.9283,0.8939,0.8079,0.786,0.8722,0.8085,0.9367,0.8292
cascade/models/prototype_cascade/baseline_prototype_fhb_424_warm_10_aug,pvt_emcad,type=specialize num_fg=4 num_hard=2 num_bg=4 hybrid=False,legacy_soft,0.861,cascade/train_log/train_log_baseline_prototype_fhb_424_warm_10_aug.log,1,36,0.00000,True,0.9289,0.9214,0.901,0.7976,0.7876,0.8673,0.8028,0.9251,0.8287
cascade/models/prototype_cascade/baseline_prototype_fhb_424_warm_10_orth_loss,pvt_emcad,type=specialize num_fg=4 num_hard=2 num_bg=4 hybrid=False,legacy_soft,0.8659,cascade/train_log/train_log_baseline_prototype_fhb_424_warm_10_orth_loss.log,1,96,0.00000,True,0.9366,0.9302,0.8912,0.8105,0.7653,0.8668,0.8029,0.9334,0.8224
cascade/models/prototype_cascade/baseline_prototype_fhb_424_warm_10_uncertainty_gate,pvt_emcad,type=specialize num_fg=4 num_hard=2 num_bg=4 hybrid=False,legacy_soft,0.8652,cascade/train_log/train_log_baseline_prototype_fhb_424_warm_10_uncertainty_gate.log,1,29,0.00243,False,0.9312,0.9206,0.895,0.7975,0.7941,0.8677,0.8031,0.9259,0.8289
cascade/models/prototype_cascade/baseline_prototype_fhb_524_warm_10,pvt_emcad,type=specialize num_fg=5 num_hard=2 num_bg=4 hybrid=False,legacy_soft,0.8737,cascade/train_log/train_log_baseline_prototype_fhb_524_warm_10.log,1,90,0.00000,True,0.9415,0.9335,0.9081,0.8012,0.7879,0.8744,0.8108,0.9375,0.8324
cascade/models/prototype_cascade/baseline_prototype_fhb_634_warm_10,pvt_emcad,type=specialize num_fg=6 num_hard=3 num_bg=4 hybrid=False,legacy_soft,0.8659,cascade/train_log/train_log_baseline_prototype_fhb_634_warm_10.log,1,28,0.00000,True,0.945,0.9227,0.8876,0.8012,0.7807,0.8675,0.8028,0.9339,0.8232
cascade/models/prototype_cascade/baseline_prototype_fhb_844,pvt_emcad,type=specialize num_fg=8 num_hard=4 num_bg=4 hybrid=False,legacy_soft,0.8691,cascade/train_log/train_log_baseline_prototype_fhb_844.log,1,45,0.00000,True,0.9372,0.9276,0.8911,0.8021,0.793,0.8702,0.8068,0.9324,0.8287
cascade/models/prototype_cascade/baseline_prototype_fhb_844_warm_10,pvt_emcad,type=specialize num_fg=8 num_hard=4 num_bg=4 hybrid=False,legacy_soft,0.8703,cascade/train_log/train_log_baseline_prototype_fhb_844_warm_10.log,1,59,0.00000,True,0.9417,0.9184,0.9028,0.8116,0.7822,0.8713,0.8092,0.93,0.8322
cascade/models/prototype_cascade/baseline_prototype_fhb_848_warm_10,pvt_emcad,type=specialize num_fg=8 num_hard=4 num_bg=8 hybrid=False,legacy_soft,0.8684,cascade/train_log/train_log_baseline_prototype_fhb_848_warm_10.log,1,44,0.00000,True,0.9366,0.9156,0.8966,0.803,0.7952,0.8694,0.8052,0.9261,0.8316
cascade/models/prototype_cascade/baseline_prototype_hybrid_fhb_1084_extract_warm,pvt_emcad,type=specialize num_fg=10 num_hard=8 num_bg=4 hybrid=True,legacy_soft,0.8626,cascade/train_log_baseline_prototype_hybrid_fhb_1084_extract_warm.log,1,40,0.00000,True,0.9328,0.9191,0.8941,0.8003,0.7735,0.864,0.7994,0.926,0.8227
cascade/models/prototype_cascade/baseline_prototype_hybrid_fhb_424,pvt_emcad,type=specialize num_fg=4 num_hard=2 num_bg=4 hybrid=True,legacy_soft,0.8646,cascade/train_log/train_log_baseline_prototype_hybrid_fhb_424.log,1,51,0.00000,True,0.9347,0.9202,0.8984,0.7997,0.7773,0.8661,0.8011,0.9275,0.8252
cascade/models/prototype_cascade/baseline_prototype_hybrid_fhb_424_extract_warm,pvt_emcad,type=specialize num_fg=4 num_hard=2 num_bg=4 hybrid=True,legacy_soft,0.8687,cascade/train_log_baseline_prototype_hybrid_fhb_424_extract_warm.log,1,99,0.00000,True,0.9435,0.9235,0.9039,0.8105,0.7674,0.8698,0.8068,0.9335,0.8273
cascade/models/prototype_cascade/baseline_prototype_hybrid_fhb_864_extract_warm,pvt_emcad,type=specialize num_fg=8 num_hard=6 num_bg=4 hybrid=True,legacy_soft,0.8661,cascade/train_log_baseline_prototype_hybrid_fhb_864_extract_warm.log,1,21,0.00000,True,0.9356,0.919,0.9018,0.8037,0.7845,0.8689,0.8055,0.9273,0.83
cascade/models/prototype_cascade/baseline_prototype_pretrain_10_fb_44,pvt_emcad,type=prototype num_fg=4 num_bg=4,legacy_soft,0.7708,cascade/train_log/train_log_baseline_prototype_pretrain_10_fb_44.log,1,87,0.00000,True,0.881,0.8649,0.8319,0.7244,0.5659,0.7736,0.6955,0.873,0.7074
cascade/models/prototype_cascade/prototype_kl_loss_0.05_fb_44,pvt_emcad,type=prototype num_fg=4 num_bg=4,legacy_soft,0.867,cascade/train_log/train_log_prototype_kl_loss_0.05.log,1,86,0.00000,True,0.9279,0.9237,0.8879,0.8115,0.7887,0.8679,0.8032,0.9258,0.8294
cascade/models/prototype_cascade/prototype_kl_loss_0.15_fb_44,pvt_emcad,type=prototype num_fg=4 num_bg=4,legacy_soft,0.8629,cascade/train_log/train_log_prototype_kl_loss_0.15_fb_44.log,2,66,0.00000,True,0.9432,0.9276,0.8912,0.7922,0.766,0.864,0.8002,0.9354,0.8165
cascade/models/prototype_cascade/prototype_kl_loss_0.1_fb_33,pvt_emcad,type=prototype num_fg=3 num_bg=3,legacy_soft,0.8687,cascade/train_log/train_log_prototype_kl_loss_0.1_fb_33.log,1,55,0.00000,True,0.9421,0.9266,0.893,0.7984,0.7887,0.8698,0.8062,0.9343,0.8267
cascade/models/prototype_cascade/prototype_kl_loss_0.1_fb_44,pvt_emcad,type=prototype num_fg=4 num_bg=4,legacy_soft,0.8612,cascade/train_log/train_log_prototype_kl_loss_0.1.log,1,33,0.00000,True,0.9374,0.9106,0.8929,0.8053,0.7684,0.8629,0.799,0.924,0.8222
cascade/models/prototype_cascade/prototype_kl_loss_0.1_fb_66,pvt_emcad,type=prototype num_fg=6 num_bg=6,legacy_soft,0.8682,cascade/train_log/train_log_prototype_kl_loss_0.1_fb_66.log,1,76,0.00000,True,0.9371,0.9109,0.8938,0.8096,0.7956,0.8694,0.8037,0.924,0.833
cascade/models/prototype_cascade/prototype_kl_loss_0.1_fb_88,pvt_emcad,type=prototype num_fg=8 num_bg=8,legacy_soft,0.8628,cascade/train_log/train_log_prototype_kl_loss_0.1_fb_88.log,1,23,0.00000,True,0.9437,0.9257,0.8916,0.7949,0.7684,0.8649,0.8008,0.9347,0.8183
cascade/models/prototype_cascade/prototype_kl_loss_0.1_fb_88_v3,pvt_emcad,type=prototype num_fg=8 num_bg=8,legacy_soft,0.8633,cascade/train_log/train_log_prototype_kl_loss_0.1_fb_88_v3.log,1,60,0.00000,True,0.9307,0.9284,0.8921,0.8021,0.7703,0.8647,0.8017,0.9296,0.8215
cascade/models/prototype_cascade/prototype_pretrain_10_kl_loss_0.1_fb_44,pvt_emcad,type=prototype num_fg=4 num_bg=4,legacy_soft,0.7641,cascade/train_log/train_log_prototype_pretrain_10_kl_loss_0.1_fb_44.log,1,58,0.00000,True,0.888,0.8562,0.813,0.7096,0.5658,0.7665,0.6841,0.8721,0.6961
cascade/models/prototype_cascade/prototype_pretrain_50_kl_loss_0.1_fb_33,pvt_emcad,type=prototype num_fg=3 num_bg=3,legacy_soft,0.7596,cascade/train_log/train_log_prototype_pretrain_kl_loss_0.1_fb_33.log,1,26,0.00000,True,0.8826,0.861,0.7973,0.7047,0.5754,0.7642,0.6841,0.8718,0.6925
dino_v3/models/polyp/vitb16/baseline,vitb16,type=mlp,legacy_soft,0.7872,dino_v3/log/train_log_baseline_vitb16_freeze.log,1,46,0.00000,True,0.8732,0.8733,0.8801,0.7242,0.6437,0.7989,0.7182,0.8733,0.7493
dino_v3/models/polyp/vitl16/baseline,vitl16,type=mlp,legacy_soft,0.8068,dino_v3/log/train_log_baseline_vitl16_freeze.log,1,36,0.00000,True,0.8772,0.8967,0.8907,0.7376,0.6715,0.8147,0.7381,0.887,0.7666
dino_v3/models/polyp/vits16plus/baseline,vits16plus,type=mlp,legacy_soft,0.7672,dino_v3/log/train_log_baseline_vits16plus_freeze.log,1,47,0.00000,True,0.8514,0.8602,0.8528,0.6957,0.6633,0.7847,0.6995,0.8558,0.7373
dino_v3/models/polyp/vits16plus/baseline_fine,vits16plus,type=mlp,legacy_soft,0.8677,dino_v3/log/train_log_concat_24681012_fine_vits16plus_fullfinetune.log,1,23,0.00481,False,0.9422,0.9251,0.9033,0.82,0.7534,0.8688,0.8053,0.9337,0.8256
dino_v3/models/polyp/vits16plus/concat_24681012,vits16plus_concat,type=mlp,legacy_soft,0.787,dino_v3/log/train_log_concat_24681012_vits16plus_freeze.log,1,49,0.00000,True,0.8735,0.8775,0.8675,0.7098,0.6608,0.7978,0.7181,0.8755,0.7461
dino_v3/models/polyp/vits16plus/concat_24681012_fine,vits16plus_concat,type=mlp,legacy_soft,0.866,dino_v3/log/train_log_concat_24681012_fine_vits16plus_fullfinetune.log,1,24,0.00000,True,0.9429,0.9275,0.8934,0.8211,0.7588,0.8687,0.8034,0.9352,0.8244
dino_v3/models/prototype_cascade/vits16plus/baseline_prototype_fb_11_concat_fine,vits16plus_concat,type=prototype num_fg=1 num_bg=1,legacy_soft,0.8577,dino_v3/train_log_baseline_prototype_fb_11_concat_fine.log,1,27,0.00000,True,0.9367,0.9215,0.8888,0.807,0.7672,0.8642,0.7982,0.9291,0.821
dino_v3/models/prototype_cascade/vits16plus/baseline_prototype_fb_22_concat_fine,vits16plus_concat,type=prototype num_fg=2 num_bg=2,legacy_soft,0.8607,dino_v3/train_log_baseline_prototype_fb_22_concat_fine.log,1,28,0.00000,True,0.9401,0.928,0.8959,0.8114,0.7653,0.8681,0.8032,0.934,0.8242
dino_v3/models/prototype_cascade/vits16plus/baseline_prototype_fb_33_concat_fine,vits16plus_concat,type=prototype num_fg=3 num_bg=3,legacy_soft,0.8561,dino_v3/train_log_baseline_prototype_fb_33_concat_fine.log,1,48,0.00000,True,0.925,0.9169,0.8846,0.8047,0.7782,0.8619,0.7964,0.921,0.8225
dino_v3/models/prototype_cascade/vits16plus/baseline_prototype_fb_44_concat,vits16plus_concat,type=prototype num_fg=4 num_bg=4,legacy_soft,0.7707,dino_v3/log/train_log_baseline_prototype_fb_44_concat.log,1,36,0.00000,True,0.8694,0.8778,0.8748,0.702,0.6452,0.7938,0.7181,0.8736,0.7407
dino_v3/models/prototype_cascade/vits16plus/baseline_prototype_fb_44_concat_fine,vits16plus_concat,type=prototype num_fg=4 num_bg=4,legacy_soft,0.8629,dino_v3/log/train_log_baseline_prototype_fb_44_concat_fine.log,1,29,0.00000,True,0.9399,0.9224,0.8917,0.7991,0.7984,0.8703,0.8064,0.9311,0.8297
dino_v3/models/prototype_cascade/vits16plus/baseline_prototype_fb_44_fine,vits16plus,type=prototype num_fg=4 num_bg=4,legacy_soft,0.8583,dino_v3/log/train_log_baseline_prototype_fb_44_fine.log,1,48,0.00000,True,0.9346,0.9179,0.903,0.7924,0.7736,0.8643,0.7994,0.9262,0.823
dino_v3/models/prototype_cascade/vits16plus/baseline_prototype_fb_44_smooth,vits16plus_concat,type=prototype num_fg=4 num_bg=4,legacy_soft,0.8555,cascade/train_log/train_log_prototype_kl_loss_0.15_fb_44.log,2,75,0.00239,False,0.9397,0.9304,0.894,0.7997,0.7529,0.8634,0.799,0.935,0.8156
dino_v3/models/prototype_cascade/vits16plus/baseline_prototype_fb_84_concat_fine,vits16plus_concat,type=prototype num_fg=8 num_bg=4,legacy_soft,0.8566,dino_v3/train_log_baseline_prototype_fb_84_concat_fine.log,1,31,0.00000,True,0.9232,0.9262,0.9003,0.7996,0.7714,0.8641,0.7987,0.9247,0.8238
dino_v3/models/prototype_cascade/vits16plus/baseline_prototype_fb_88_concat_fine,vits16plus_concat,type=prototype num_fg=8 num_bg=8,legacy_soft,0.8524,dino_v3/train_log_baseline_prototype_fb_88_concat_fine.log,1,33,0.00000,True,0.941,0.9249,0.8896,0.8004,0.7407,0.8593,0.7966,0.933,0.8102
dino_v3/models/prototype_cascade/vits16plus/baseline_prototype_fhb_424_specialize,vits16plus_concat,type=specialize num_fg=4 num_hard=2 num_bg=4 hybrid=False,legacy_soft,0.869,dino_v3/log/train_log_baseline_prototype_fhb_424_specialize.log,1,38,0.00000,True,0.9435,0.9257,0.9077,0.7995,0.7752,0.8703,0.8061,0.9346,0.8274
dino_v3/models/prototype_cascade/vits16plus/baseline_prototype_fhb_424_specialize_warm_10,vits16plus_concat,type=specialize num_fg=4 num_hard=2 num_bg=4 hybrid=False,legacy_soft,0.8673,dino_v3/log/train_log_baseline_prototype_fhb_424_specialize_warm_10.log,1,34,0.00000,True,0.9401,0.9236,0.9,0.791,0.7888,0.8687,0.8048,0.9319,0.8266
dino_v3/models/prototype_cascade/vits16plus/baseline_prototype_fhb_634_specialize,vits16plus_concat,type=specialize num_fg=6 num_hard=3 num_bg=4 hybrid=False,legacy_soft,0.8632,dino_v3/log/train_log_baseline_prototype_fhb_634_specialize.log,1,49,0.00000,True,0.9322,0.9152,0.902,0.7979,0.7785,0.8652,0.8002,0.9237,0.8261
dino_v3/models/prototype_cascade/vits16plus/baseline_prototype_fhb_634_specialize_warm_10,vits16plus_concat,type=specialize num_fg=6 num_hard=3 num_bg=4 hybrid=False,legacy_soft,0.8652,dino_v3/log/train_log_baseline_prototype_fhb_634_specialize_warm_10.log,1,33,0.00000,True,0.934,0.9238,0.8991,0.8039,0.773,0.8668,0.8012,0.9289,0.8253
dino_v3/models/prototype_cascade/vits16plus/baseline_prototype_fhb_844_specialize,vits16plus_concat,type=specialize num_fg=8 num_hard=4 num_bg=4 hybrid=False,legacy_soft,0.8672,dino_v3/log/train_log_baseline_prototype_fhb_844_specialize.log,1,38,0.00000,True,0.9424,0.9153,0.905,0.7954,0.7889,0.8694,0.805,0.9289,0.8298
dino_v3/models/prototype_cascade/vits16plus/baseline_prototype_fhb_844_specialize_warm_10,vits16plus_concat,type=specialize num_fg=8 num_hard=4 num_bg=4 hybrid=False,legacy_soft,0.8623,dino_v3/log/train_log_baseline_prototype_fhb_844_specialize_warm_10.log,1,29,0.00000,True,0.9384,0.9288,0.8936,0.8061,0.7571,0.8648,0.7994,0.9336,0.8189
non_learnable/models/polyp/baseline_100epoch,pvt_emcad,type=linear,legacy_soft,0.8707,non_learnable/logs/train_log_baseline_100epoch.log,1,41,0.00000,True,0.9441,0.9225,0.8977,0.7963,0.7971,0.8715,0.8075,0.9333,0.8304
non_learnable/models/polyp/vits16plus/baseline_dinov3,vits16plus_concat,type=linear,legacy_soft,0.8681,non_learnable/logs/train_log_baseline_dinov3_vits16plus_fullfinetune.log,1,71,0.00000,True,0.9444,0.9285,0.8997,0.8028,0.7699,0.869,0.8045,0.9364,0.8241
non_learnable/models/prototype_cascade/prototype_v0,pvt_emcad,type=nonlearnable_v0 num_prototype=5,legacy_fg_only,0.8285,non_learnable/logs/train_log_prototype_v0.log,3,20,0.00000,True,0.9064,0.9103,0.8704,0.7871,0.7153,0.8379,0.7678,0.9083,0.7909
non_learnable/models/prototype_cascade/prototype_v0_fb33,pvt_emcad,type=nonlearnable_v0 num_prototype=3,legacy_fg_only,0.8451,non_learnable/logs/train_log_prototype_v0_fb33.log,1,78,0.00000,True,0.9206,0.9155,0.8804,0.7751,0.7307,0.8445,0.7778,0.9181,0.7954
non_learnable/models/prototype_cascade/prototypev3_fb55_dd4_ppc_1,pvt_emcad,type=nonlearnable_v3 num_prototype=5 node=dd4,legacy_fg_only,0.87,non_learnable/logs/train_log_prototypev3_fb55_dd4_ppc_1.log,1,2,0.00000,True,0.94,0.9236,0.8951,0.7912,0.7969,0.8694,0.8043,0.9318,0.8277
non_learnable/models/prototype_cascade/prototypev3_fb55_dd4_ppc_1_1,pvt_emcad,type=nonlearnable_v3 num_prototype=5 node=dd4,legacy_fg_only,0.8644,non_learnable/logs/train_log_prototypev3_fb55_dd4_ppc_1_1.log,1,5,0.00000,True,0.9418,0.9256,0.8986,0.7903,0.7871,0.8687,0.8044,0.9337,0.8253
non_learnable/models/prototype_cascade/prototypev3_fb55_dd4_ppc_1_2,pvt_emcad,type=nonlearnable_v3 num_prototype=5 node=dd4,legacy_fg_only,0.8533,non_learnable/logs/train_log_prototypev3_fb55_dd4_ppc_1_2.log,1,1,0.00000,True,0.9334,0.9217,0.8904,0.778,0.7744,0.8596,0.7946,0.9275,0.8143
non_learnable/models/prototype_cascade/prototypev3_fb55_dd4_ppc_1_wo_pretrained,pvt_emcad,type=nonlearnable_v3 num_prototype=5 node=dd4,legacy_fg_only,0.822,non_learnable/logs/train_log_prototypev3_fb55_dd4_ppc_1_wo_pretrained.log,1,12,0.00000,True,0.9054,0.9206,0.8916,0.7819,0.7813,0.8562,0.7904,0.913,0.8183
non_learnable/models/prototype_cascade/prototypev3_fb55_dd4_ppc_1_wo_pretrained_1,pvt_emcad,type=nonlearnable_v3 num_prototype=5 node=dd4,legacy_fg_only,0.8233,non_learnable/logs/train_log_prototypev3_fb55_dd4_ppc_1_wo_pretrained_1.log,1,13,0.00000,True,0.9201,0.9129,0.8838,0.7863,0.7763,0.8559,0.79,0.9165,0.8155
non_learnable/models/prototype_cascade/prototypev3_fb55_x4,pvt_emcad,type=nonlearnable_v3 num_prototype=5 node=x4,legacy_fg_only,0.8212,non_learnable/logs/train_log_prototypev3_fb55_x4.log,1,1,0.00000,True,0.9328,0.9183,0.8925,0.7839,0.7794,0.8614,0.7954,0.9255,0.8186
non_learnable/models/prototype_pseudo/prototype_pseudo_fb33,pvt_emcad,type=pseudo num_prototype=3,legacy_softmax,0.8567,non_learnable/train_log_prototype_pseudo_fb33.log,1,13,0.00000,True,0.9074,0.912,0.8841,0.7918,0.7877,0.8566,0.7865,0.9097,0.8212
non_learnable/models/prototype_pseudo/prototype_pseudo_fb33_pretrained,pvt_emcad,type=pseudo num_prototype=3,legacy_softmax,0.8506,non_learnable/train_log_prototype_pseudo_fb33_pretrained.log,1,9,0.00000,True,0.9283,0.8982,0.8909,0.7897,0.7447,0.8504,0.781,0.9133,0.8084
non_learnable/models/prototype_pseudo/prototype_pseudo_fb33_sp,pvt_emcad,type=pseudo num_prototype=3,legacy_softmax,0.8483,non_learnable/train_log_prototype_pseudo_fb33_sp.log,1,20,0.00000,True,0.9003,0.9073,0.8746,0.7717,0.7801,0.8468,0.7762,0.9038,0.8088
cascade/models/polyp/baseline,pvt_emcad (decoder: base+CRFB+LGAG),type=linear,legacy_soft,0.8734,cascade/train_log/train_log_baseline.log,1,17,0.00000,True,0.948,0.9261,0.9061,0.8146,0.7865,0.8763,0.8141,0.9371,0.8357
